"Date","PM10 AQI Value","Main Pollutant","Site Name","Site ID","Source"
"01/02/2010","19","","Earhart","48-113-0061","AQS"
"01/08/2010","17","","Earhart","48-113-0061","AQS"
"01/14/2010","28","","Convention Center","48-113-0050","AQS"
"01/20/2010","54","","Earhart","48-113-0061","AQS"
"01/26/2010","28","","Convention Center","48-113-0050","AQS"
"02/01/2010","29","","Convention Center","48-113-0050","AQS"
"02/07/2010","19","","Stage Coach","48-439-3010","AQS"
"02/13/2010","16","","Convention Center","48-113-0050","AQS"
"02/19/2010","28","","Earhart","48-113-0061","AQS"
"02/25/2010","21","","Earhart","48-113-0061","AQS"
"03/03/2010","52","","Earhart","48-113-0061","AQS"
"03/09/2010","20","","Earhart","48-113-0061","AQS"
"03/15/2010","15","","Earhart","48-113-0061","AQS"
"03/21/2010","4","","Earhart","48-113-0061","AQS"
"03/27/2010","29","","Earhart","48-113-0061","AQS"
"04/02/2010","31","","Earhart","48-113-0061","AQS"
"04/08/2010","27","","Earhart","48-113-0061","AQS"
"04/14/2010","28","","Earhart","48-113-0061","AQS"
"04/20/2010","29","","Dallas North #2","48-113-0075","AQS"
"04/26/2010","19","","Earhart","48-113-0061","AQS"
"05/02/2010","19","","Earhart","48-113-0061","AQS"
"05/08/2010","19","","Earhart","48-113-0061","AQS"
"05/14/2010","19","","Earhart","48-113-0061","AQS"
"05/20/2010","21","","Earhart","48-113-0061","AQS"
"05/26/2010","35","","Earhart","48-113-0061","AQS"
"06/01/2010","30","","Earhart","48-113-0061","AQS"
"06/07/2010","39","","Earhart","48-113-0061","AQS"
"06/13/2010","28","","Earhart","48-113-0061","AQS"
"06/19/2010","22","","Earhart","48-113-0061","AQS"
"06/25/2010","25","","Earhart","48-113-0061","AQS"
"07/01/2010","22","","Earhart","48-113-0061","AQS"
"07/07/2010","20","","Earhart","48-113-0061","AQS"
"07/13/2010","54","","Earhart","48-113-0061","AQS"
"07/19/2010","24","","Earhart","48-113-0061","AQS"
"07/25/2010","49","","Earhart","48-113-0061","AQS"
"07/31/2010","31","","Earhart","48-113-0061","AQS"
"08/06/2010","29","","Earhart","48-113-0061","AQS"
"08/12/2010","32","","Convention Center","48-113-0050","AQS"
"08/18/2010","31","","Earhart","48-113-0061","AQS"
"08/24/2010","44","","Earhart","48-113-0061","AQS"
"08/30/2010","25","","Earhart","48-113-0061","AQS"
"09/05/2010","31","","Earhart","48-113-0061","AQS"
"09/11/2010","35","","Earhart","48-113-0061","AQS"
"09/17/2010","31","","Convention Center","48-113-0050","AQS"
"09/23/2010","25","","Earhart","48-113-0061","AQS"
"09/29/2010","47","","Earhart","48-113-0061","AQS"
"10/05/2010","27","","Convention Center","48-113-0050","AQS"
"10/11/2010","26","","Earhart","48-113-0061","AQS"
"10/17/2010","34","","Earhart","48-113-0061","AQS"
"10/23/2010","18","","Dallas North #2","48-113-0075","AQS"
"10/29/2010","32","","Earhart","48-113-0061","AQS"
"11/04/2010","13","","Earhart","48-113-0061","AQS"
"11/10/2010","20","","Earhart","48-113-0061","AQS"
"11/16/2010","10","","Convention Center","48-113-0050","AQS"
"11/22/2010","19","","Convention Center","48-113-0050","AQS"
"11/28/2010","15","","Earhart","48-113-0061","AQS"
"12/04/2010","21","","Stage Coach","48-439-3010","AQS"
"12/10/2010","28","","Convention Center","48-113-0050","AQS"
"12/16/2010","26","","Earhart","48-113-0061","AQS"
"12/22/2010","32","","Earhart","48-113-0061","AQS"
"12/28/2010","16","","Convention Center","48-113-0050","AQS"
"01/03/2011","19","","Earhart","48-113-0061","AQS"
"01/09/2011","6","","Convention Center","48-113-0050","AQS"
"01/15/2011","22","","Stage Coach","48-439-3010","AQS"
"01/21/2011","19","","Earhart","48-113-0061","AQS"
"01/27/2011","36","","Earhart","48-113-0061","AQS"
"02/02/2011","16","","Dallas North #2","48-113-0075","AQS"
"02/08/2011","37","","Convention Center","48-113-0050","AQS"
"02/14/2011","39","","Earhart","48-113-0061","AQS"
"02/20/2011","39","","Earhart","48-113-0061","AQS"
"02/26/2011","30","","Earhart","48-113-0061","AQS"
"03/04/2011","45","","Earhart","48-113-0061","AQS"
"03/10/2011","29","","Earhart","48-113-0061","AQS"
"03/16/2011","41","","Earhart","48-113-0061","AQS"
"03/22/2011","50","","Earhart","48-113-0061","AQS"
"03/28/2011","25","","Earhart","48-113-0061","AQS"
"04/03/2011","51","","Earhart","48-113-0061","AQS"
"04/09/2011","28","","Earhart","48-113-0061","AQS"
"04/15/2011","79","","Stage Coach","48-439-3010","AQS"
"04/21/2011","36","","Earhart","48-113-0061","AQS"
"04/27/2011","19","","Earhart","48-113-0061","AQS"
"05/03/2011","20","","Earhart","48-113-0061","AQS"
"05/09/2011","32","","Earhart","48-113-0061","AQS"
"05/15/2011","17","","Earhart","48-113-0061","AQS"
"05/21/2011","36","","Earhart","48-113-0061","AQS"
"05/27/2011","31","","Earhart","48-113-0061","AQS"
"06/02/2011","34","","Earhart","48-113-0061","AQS"
"06/08/2011","29","","Earhart","48-113-0061","AQS"
"06/14/2011","33","","Earhart","48-113-0061","AQS"
"06/20/2011","30","","Convention Center","48-113-0050","AQS"
"06/26/2011","23","","Convention Center","48-113-0050","AQS"
"07/02/2011","45","","Convention Center","48-113-0050","AQS"
"07/08/2011","25","","Convention Center","48-113-0050","AQS"
"07/14/2011","21","","Stage Coach","48-439-3010","AQS"
"07/20/2011","21","","Convention Center","48-113-0050","AQS"
"07/26/2011","52","","Earhart","48-113-0061","AQS"
"08/01/2011","28","","Convention Center","48-113-0050","AQS"
"08/07/2011","29","","Earhart","48-113-0061","AQS"
"08/13/2011","19","","Convention Center","48-113-0050","AQS"
"08/19/2011","35","","Convention Center","48-113-0050","AQS"
"08/25/2011","32","","Earhart","48-113-0061","AQS"
"08/31/2011","32","","Earhart","48-113-0061","AQS"
"09/06/2011","24","","Earhart","48-113-0061","AQS"
"09/12/2011","47","","Earhart","48-113-0061","AQS"
"09/18/2011","15","","Convention Center","48-113-0050","AQS"
"09/24/2011","26","","Convention Center","48-113-0050","AQS"
"09/30/2011","31","","Convention Center","48-113-0050","AQS"
"10/06/2011","31","","Convention Center","48-113-0050","AQS"
"10/12/2011","15","","Convention Center","48-113-0050","AQS"
"10/18/2011","19","","Convention Center","48-113-0050","AQS"
"10/24/2011","13","","Stage Coach","48-439-3010","AQS"
"10/30/2011","18","","Convention Center","48-113-0050","AQS"
"11/05/2011","26","","Convention Center","48-113-0050","AQS"
"11/11/2011","20","","Convention Center","48-113-0050","AQS"
"11/17/2011","14","","Stage Coach","48-439-3010","AQS"
"11/23/2011","30","","Convention Center","48-113-0050","AQS"
"11/29/2011","24","","Convention Center","48-113-0050","AQS"
"12/05/2011","7","","Convention Center","48-113-0050","AQS"
"12/11/2011","22","","Earhart","48-113-0061","AQS"
"12/17/2011","26","","Earhart","48-113-0061","AQS"
"12/23/2011","15","","Convention Center","48-113-0050","AQS"
"12/29/2011","25","","Convention Center","48-113-0050","AQS"
"01/04/2012","33","","Earhart","48-113-0061","AQS"
"01/10/2012","7","","Convention Center","48-113-0050","AQS"
"01/16/2012","12","","Convention Center","48-113-0050","AQS"
"01/22/2012","75","","Earhart","48-113-0061","AQS"
"01/28/2012","9","","Earhart","48-113-0061","AQS"
"02/03/2012","15","","Convention Center","48-113-0050","AQS"
"02/09/2012","23","","Convention Center","48-113-0050","AQS"
"02/15/2012","32","","Earhart","48-113-0061","AQS"
"02/21/2012","56","","Stage Coach","48-439-3010","AQS"
"02/27/2012","19","","Convention Center","48-113-0050","AQS"
"03/04/2012","18","","Earhart","48-113-0061","AQS"
"03/10/2012","13","","Convention Center","48-113-0050","AQS"
"03/16/2012","20","","Convention Center","48-113-0050","AQS"
"03/22/2012","16","","Convention Center","48-113-0050","AQS"
"03/28/2012","23","","Convention Center","48-113-0050","AQS"
"04/03/2012","23","","Convention Center","48-113-0050","AQS"
"04/09/2012","25","","Convention Center","48-113-0050","AQS"
"04/15/2012","25","","Stage Coach","48-439-3010","AQS"
"04/21/2012","15","","Convention Center","48-113-0050","AQS"
"04/27/2012","35","","Convention Center","48-113-0050","AQS"
"05/03/2012","23","","Earhart","48-113-0061","AQS"
"05/09/2012","24","","Earhart","48-113-0061","AQS"
"05/15/2012","24","","Earhart","48-113-0061","AQS"
"05/21/2012","25","","Earhart","48-113-0061","AQS"
"05/27/2012","17","","Convention Center","48-113-0050","AQS"
"06/02/2012","21","","Convention Center","48-113-0050","AQS"
"06/08/2012","23","","Stage Coach","48-439-3010","AQS"
"06/14/2012","23","","Convention Center","48-113-0050","AQS"
"06/20/2012","19","","Convention Center","48-113-0050","AQS"
"06/26/2012","51","","Earhart","48-113-0061","AQS"
"07/02/2012","54","","Earhart","48-113-0061","AQS"
"07/08/2012","22","","Earhart","48-113-0061","AQS"
"07/14/2012","20","","Earhart","48-113-0061","AQS"
"07/20/2012","26","","Earhart","48-113-0061","AQS"
"07/26/2012","31","","Stage Coach","48-439-3010","AQS"
"08/01/2012","35","","Earhart","48-113-0061","AQS"
"08/07/2012","44","","Convention Center","48-113-0050","AQS"
"08/13/2012","30","","Earhart","48-113-0061","AQS"
"08/19/2012","14","","Earhart","48-113-0061","AQS"
"08/25/2012","41","","Earhart","48-113-0061","AQS"
"08/31/2012","28","","Convention Center","48-113-0050","AQS"
"09/06/2012","31","","Convention Center","48-113-0050","AQS"
"09/12/2012","34","","Convention Center","48-113-0050","AQS"
"09/18/2012","19","","Earhart","48-113-0061","AQS"
"09/24/2012","26","","Convention Center","48-113-0050","AQS"
"09/30/2012","24","","Stage Coach","48-439-3010","AQS"
"10/06/2012","13","","Stage Coach","48-439-3010","AQS"
"10/12/2012","22","","Convention Center","48-113-0050","AQS"
"10/18/2012","41","","Earhart","48-113-0061","AQS"
"10/24/2012","21","","Convention Center","48-113-0050","AQS"
"10/30/2012","31","","Earhart","48-113-0061","AQS"
"11/05/2012","39","","Convention Center","48-113-0050","AQS"
"11/11/2012","13","","Convention Center","48-113-0050","AQS"
"11/17/2012","31","","Earhart","48-113-0061","AQS"
"11/23/2012","18","","Earhart","48-113-0061","AQS"
"11/29/2012","28","","Convention Center","48-113-0050","AQS"
"12/05/2012","27","","Earhart","48-113-0061","AQS"
"12/11/2012","34","","Convention Center","48-113-0050","AQS"
"12/17/2012","38","","Convention Center","48-113-0050","AQS"
"12/23/2012","16","","Stage Coach","48-439-3010","AQS"
"12/29/2012","41","","Earhart","48-113-0061","AQS"
"01/04/2013","21","","Convention Center","48-113-0050","AQS"
"01/10/2013","7","","Convention Center","48-113-0050","AQS"
"01/16/2013","28","","Convention Center","48-113-0050","AQS"
"01/22/2013","27","","Convention Center","48-113-0050","AQS"
"01/28/2013","18","","Convention Center","48-113-0050","AQS"
"02/03/2013","21","","Earhart","48-113-0061","AQS"
"02/09/2013","17","","Earhart","48-113-0061","AQS"
"02/15/2013","14","","Earhart","48-113-0061","AQS"
"02/21/2013","13","","Stage Coach","48-439-3010","AQS"
"02/27/2013","21","","Earhart","48-113-0061","AQS"
"03/05/2013","51","","Earhart","48-113-0061","AQS"
"03/11/2013","15","","Earhart","48-113-0061","AQS"
"03/17/2013","33","","Earhart","48-113-0061","AQS"
"03/23/2013","19","","Earhart","48-113-0061","AQS"
"03/29/2013","34","","Earhart","48-113-0061","AQS"
"04/04/2013","38","","Earhart","48-113-0061","AQS"
"04/10/2013","15","","Earhart","48-113-0061","AQS"
"04/16/2013","43","","Earhart","48-113-0061","AQS"
"04/22/2013","32","","Earhart","48-113-0061","AQS"
"04/28/2013","20","","Earhart","48-113-0061","AQS"
"05/04/2013","30","","Earhart","48-113-0061","AQS"
"05/10/2013","30","","Earhart","48-113-0061","AQS"
"05/16/2013","28","","Stage Coach","48-439-3010","AQS"
"05/22/2013","24","","Earhart","48-113-0061","AQS"
"05/28/2013","29","","Earhart","48-113-0061","AQS"
"06/03/2013","28","","Earhart","48-113-0061","AQS"
"06/09/2013","16","","Earhart","48-113-0061","AQS"
"06/15/2013","26","","Convention Center","48-113-0050","AQS"
"06/21/2013","62","","Earhart","48-113-0061","AQS"
"06/27/2013","52","","Convention Center","48-113-0050","AQS"
"07/03/2013","31","","Convention Center","48-113-0050","AQS"
"07/09/2013","33","","Earhart","48-113-0061","AQS"
"07/15/2013","24","","Earhart","48-113-0061","AQS"
"07/21/2013","37","","Convention Center","48-113-0050","AQS"
"07/27/2013","33","","Convention Center","48-113-0050","AQS"
"08/02/2013","55","","Convention Center","48-113-0050","AQS"
"08/08/2013","71","","Earhart","48-113-0061","AQS"
"08/14/2013","70","","Convention Center","48-113-0050","AQS"
"08/20/2013","37","","Convention Center","48-113-0050","AQS"
"08/26/2013","31","","Convention Center","48-113-0050","AQS"
"09/01/2013","59","","Convention Center","48-113-0050","AQS"
"09/07/2013","31","","Convention Center","48-113-0050","AQS"
"09/13/2013","37","","Earhart","48-113-0061","AQS"
"09/19/2013","44","","Convention Center","48-113-0050","AQS"
"09/25/2013","46","","Earhart","48-113-0061","AQS"
"10/01/2013","27","","Convention Center","48-113-0050","AQS"
"10/07/2013","27","","Earhart","48-113-0061","AQS"
"10/13/2013","18","","Convention Center","48-113-0050","AQS"
"10/19/2013","30","","Convention Center","48-113-0050","AQS"
"10/25/2013","30","","Convention Center","48-113-0050","AQS"
"10/31/2013","34","","Convention Center","48-113-0050","AQS"
"11/06/2013","39","","Convention Center","48-113-0050","AQS"
"11/12/2013","28","","Convention Center","48-113-0050","AQS"
"11/18/2013","25","","Earhart","48-113-0061","AQS"
"11/24/2013","7","","Earhart","48-113-0061","AQS"
"11/30/2013","31","","Convention Center","48-113-0050","AQS"
"12/06/2013","57","","Convention Center","48-113-0050","AQS"
"12/12/2013","50","","Convention Center","48-113-0050","AQS"
"12/18/2013","47","","Earhart","48-113-0061","AQS"
"12/24/2013","30","","Stage Coach","48-439-3010","AQS"
"12/30/2013","74","","Convention Center","48-113-0050","AQS"
"01/05/2014","17","","Convention Center","48-113-0050","AQS"
"01/11/2014","37","","Convention Center","48-113-0050","AQS"
"01/17/2014","63","","Convention Center","48-113-0050","AQS"
"01/23/2014","16","","Earhart","48-113-0061","AQS"
"01/29/2014","26","","Convention Center","48-113-0050","AQS"
"02/04/2014","32","","Convention Center","48-113-0050","AQS"
"02/10/2014","45","","Convention Center","48-113-0050","AQS"
"02/16/2014","33","","Convention Center","48-113-0050","AQS"
"02/22/2014","62","","Convention Center","48-113-0050","AQS"
"02/28/2014","37","","Stage Coach","48-439-3010","AQS"
"03/06/2014","28","","Stage Coach","48-439-3010","AQS"
"03/12/2014","25","","Dallas North #2","48-113-0075","AQS"
"03/18/2014","89","","Earhart","48-113-0061","AQS"
"03/24/2014","25","","Convention Center","48-113-0050","AQS"
"03/30/2014","24","","Convention Center","48-113-0050","AQS"
"04/05/2014","30","","Convention Center","48-113-0050","AQS"
"04/11/2014","23","","Convention Center","48-113-0050","AQS"
"04/17/2014","20","","Convention Center","48-113-0050","AQS"
"04/23/2014","32","","Convention Center","48-113-0050","AQS"
"04/29/2014","38","","Convention Center","48-113-0050","AQS"
"05/05/2014","36","","Convention Center","48-113-0050","AQS"
"05/11/2014","16","","Dallas North #2","48-113-0075","AQS"
"05/17/2014","20","","Convention Center","48-113-0050","AQS"
"05/23/2014","22","","Convention Center","48-113-0050","AQS"
"05/29/2014","28","","Convention Center","48-113-0050","AQS"
"06/04/2014","22","","Earhart","48-113-0061","AQS"
"06/10/2014","24","","Convention Center","48-113-0050","AQS"
"06/16/2014","44","","Dallas North #2","48-113-0075","AQS"
"06/22/2014","37","","Dallas North #2","48-113-0075","AQS"
"06/28/2014","23","","Earhart","48-113-0061","AQS"
"07/04/2014","23","","Stage Coach","48-439-3010","AQS"
"07/10/2014","51","","Earhart","48-113-0061","AQS"
"07/16/2014","21","","Earhart","48-113-0061","AQS"
"07/22/2014","43","","Earhart","48-113-0061","AQS"
"07/28/2014","31","","Stage Coach","48-439-3010","AQS"
"08/03/2014","35","","Earhart","48-113-0061","AQS"
"08/09/2014","25","","Convention Center","48-113-0050","AQS"
"08/15/2014","22","","Earhart","48-113-0061","AQS"
"08/21/2014","50","","Earhart","48-113-0061","AQS"
"08/27/2014","39","","Earhart","48-113-0061","AQS"
"09/02/2014","22","","Convention Center","48-113-0050","AQS"
"09/08/2014","27","","Convention Center","48-113-0050","AQS"
"09/14/2014","18","","Earhart","48-113-0061","AQS"
"09/20/2014","17","","Stage Coach","48-439-3010","AQS"
"09/26/2014","33","","Convention Center","48-113-0050","AQS"
"10/02/2014","36","","Convention Center","48-113-0050","AQS"
"10/08/2014","17","","Convention Center","48-113-0050","AQS"
"10/14/2014","13","","Convention Center","48-113-0050","AQS"
"10/20/2014","40","","Convention Center","48-113-0050","AQS"
"10/26/2014","32","","Convention Center","48-113-0050","AQS"
"11/01/2014","31","","Convention Center","48-113-0050","AQS"
"11/07/2014","18","","Convention Center","48-113-0050","AQS"
"11/13/2014","13","","Convention Center","48-113-0050","AQS"
"11/19/2014","30","","Earhart","48-113-0061","AQS"
"11/25/2014","28","","Convention Center","48-113-0050","AQS"
"12/01/2014","19","","Earhart","48-113-0061","AQS"
"12/07/2014","12","","Convention Center","48-113-0050","AQS"
"12/13/2014","15","","Convention Center","48-113-0050","AQS"
"12/19/2014","12","","Convention Center","48-113-0050","AQS"
"12/25/2014","7","","Dallas North #2","48-113-0075","AQS"
"12/31/2014","19","","Earhart","48-113-0061","AQS"
"01/06/2015","25","","Earhart","48-113-0061","AQS"
"01/12/2015","17","","Convention Center","48-113-0050","AQS"
"01/18/2015","18","","Convention Center","48-113-0050","AQS"
"01/24/2015","15","","Convention Center","48-113-0050","AQS"
"01/30/2015","14","","Stage Coach","48-439-3010","AQS"
"02/05/2015","15","","Convention Center","48-113-0050","AQS"
"02/11/2015","26","","Convention Center","48-113-0050","AQS"
"02/17/2015","12","","Convention Center","48-113-0050","AQS"
"02/23/2015","15","","Dallas North #2","48-113-0075","AQS"
"03/01/2015","17","","Stage Coach","48-439-3010","AQS"
"03/07/2015","34","","Convention Center","48-113-0050","AQS"
"03/13/2015","9","","Convention Center","48-113-0050","AQS"
"03/19/2015","24","","Earhart","48-113-0061","AQS"
"03/25/2015","19","","Convention Center","48-113-0050","AQS"
"03/31/2015","30","","Earhart","48-113-0061","AQS"
"04/06/2015","22","","Dallas North #2","48-113-0075","AQS"
"04/12/2015","17","","Convention Center","48-113-0050","AQS"
"04/18/2015","12","","Convention Center","48-113-0050","AQS"
"04/24/2015","17","","Earhart","48-113-0061","AQS"
"04/30/2015","29","","Earhart","48-113-0061","AQS"
"05/06/2015","18","","Convention Center","48-113-0050","AQS"
"05/12/2015","18","","Earhart","48-113-0061","AQS"
"05/18/2015","27","","Earhart","48-113-0061","AQS"
"05/24/2015","6","","Stage Coach","48-439-3010","AQS"
"05/30/2015","7","","Stage Coach","48-439-3010","AQS"
"06/05/2015","21","","Stage Coach","48-439-3010","AQS"
"06/11/2015","17","","Stage Coach","48-439-3010","AQS"
"06/17/2015","7","","Stage Coach","48-439-3010","AQS"
"06/23/2015","40","","Stage Coach","48-439-3010","AQS"
"06/29/2015","12","","Stage Coach","48-439-3010","AQS"
"07/05/2015","30","","Stage Coach","48-439-3010","AQS"
"07/11/2015","42","","Stage Coach","48-439-3010","AQS"
"07/17/2015","16","","Stage Coach","48-439-3010","AQS"
"07/23/2015","30","","Stage Coach","48-439-3010","AQS"
"07/29/2015","35","","Stage Coach","48-439-3010","AQS"
"08/04/2015","30","","Stage Coach","48-439-3010","AQS"
"08/10/2015","24","","Stage Coach","48-439-3010","AQS"
"08/16/2015","24","","Stage Coach","48-439-3010","AQS"
"08/22/2015","10","","Stage Coach","48-439-3010","AQS"
"08/28/2015","32","","Stage Coach","48-439-3010","AQS"
"09/03/2015","11","","Stage Coach","48-439-3010","AQS"
"09/09/2015","13","","Stage Coach","48-439-3010","AQS"
"09/15/2015","20","","Stage Coach","48-439-3010","AQS"
"09/21/2015","19","","Stage Coach","48-439-3010","AQS"
"09/27/2015","25","","Stage Coach","48-439-3010","AQS"
"10/03/2015","16","","Stage Coach","48-439-3010","AQS"
"10/09/2015","27","","Stage Coach","48-439-3010","AQS"
"10/15/2015","22","","Stage Coach","48-439-3010","AQS"
"10/21/2015","18","","Stage Coach","48-439-3010","AQS"
"10/27/2015","9","","Stage Coach","48-439-3010","AQS"
"11/02/2015","8","","Stage Coach","48-439-3010","AQS"
"11/08/2015","9","","Stage Coach","48-439-3010","AQS"
"11/14/2015","12","","Stage Coach","48-439-3010","AQS"
"11/20/2015","16","","Stage Coach","48-439-3010","AQS"
"11/26/2015","8","","Stage Coach","48-439-3010","AQS"
"12/02/2015","6","","Stage Coach","48-439-3010","AQS"
"12/08/2015","10","","Stage Coach","48-439-3010","AQS"
"12/14/2015","6","","Stage Coach","48-439-3010","AQS"
"12/20/2015","8","","Stage Coach","48-439-3010","AQS"
"12/26/2015","10","","Stage Coach","48-439-3010","AQS"
"01/01/2016","9","","Stage Coach","48-439-3010","AQS"
"01/07/2016","9","","Stage Coach","48-439-3010","AQS"
"01/13/2016","9","","Stage Coach","48-439-3010","AQS"
"01/19/2016","5","","Stage Coach","48-439-3010","AQS"
"01/25/2016","8","","Stage Coach","48-439-3010","AQS"
"01/31/2016","19","","Stage Coach","48-439-3010","AQS"
"02/06/2016","11","","Stage Coach","48-439-3010","AQS"
"02/12/2016","24","","Stage Coach","48-439-3010","AQS"
"02/18/2016","10","","Stage Coach","48-439-3010","AQS"
"02/24/2016","9","","Stage Coach","48-439-3010","AQS"
"03/01/2016","11","","Stage Coach","48-439-3010","AQS"
"03/13/2016","14","","Stage Coach","48-439-3010","AQS"
"03/19/2016","7","","Stage Coach","48-439-3010","AQS"
"03/25/2016","14","","Stage Coach","48-439-3010","AQS"
"03/31/2016","8","","Stage Coach","48-439-3010","AQS"
"04/06/2016","14","","Stage Coach","48-439-3010","AQS"
"04/12/2016","10","","Stage Coach","48-439-3010","AQS"
"04/18/2016","8","","Stage Coach","48-439-3010","AQS"
"04/24/2016","21","","Stage Coach","48-439-3010","AQS"
"04/30/2016","8","","Stage Coach","48-439-3010","AQS"
"05/06/2016","18","","Stage Coach","48-439-3010","AQS"
"05/12/2016","12","","Stage Coach","48-439-3010","AQS"
"05/18/2016","6","","Stage Coach","48-439-3010","AQS"
"05/24/2016","17","","Stage Coach","48-439-3010","AQS"
"05/30/2016","10","","Stage Coach","48-439-3010","AQS"
"06/05/2016","13","","Stage Coach","48-439-3010","AQS"
"06/11/2016","14","","Stage Coach","48-439-3010","AQS"
"06/17/2016","21","","Stage Coach","48-439-3010","AQS"
"06/23/2016","14","","Stage Coach","48-439-3010","AQS"
"06/29/2016","16","","Stage Coach","48-439-3010","AQS"
"07/05/2016","19","","Stage Coach","48-439-3010","AQS"
"07/11/2016","59","","Stage Coach","48-439-3010","AQS"
"07/17/2016","20","","Stage Coach","48-439-3010","AQS"
"07/23/2016","18","","Stage Coach","48-439-3010","AQS"
"07/29/2016","15","","Stage Coach","48-439-3010","AQS"
"08/04/2016","14","","Stage Coach","48-439-3010","AQS"
"08/10/2016","21","","Stage Coach","48-439-3010","AQS"
"08/16/2016","12","","Stage Coach","48-439-3010","AQS"
"08/22/2016","13","","Stage Coach","48-439-3010","AQS"
"08/28/2016","10","","Stage Coach","48-439-3010","AQS"
"09/03/2016","21","","Stage Coach","48-439-3010","AQS"
"09/09/2016","42","","Stage Coach","48-439-3010","AQS"
"09/15/2016","16","","Stage Coach","48-439-3010","AQS"
"09/21/2016","23","","Stage Coach","48-439-3010","AQS"
"09/27/2016","12","","Stage Coach","48-439-3010","AQS"
"10/03/2016","21","","Stage Coach","48-439-3010","AQS"
"10/09/2016","16","","Stage Coach","48-439-3010","AQS"
"10/15/2016","10","","Stage Coach","48-439-3010","AQS"
"10/21/2016","13","","Stage Coach","48-439-3010","AQS"
"10/27/2016","15","","Stage Coach","48-439-3010","AQS"
"11/02/2016","11","","Stage Coach","48-439-3010","AQS"
"11/08/2016","11","","Stage Coach","48-439-3010","AQS"
"11/14/2016","16","","Stage Coach","48-439-3010","AQS"
"11/20/2016","9","","Stage Coach","48-439-3010","AQS"
"11/26/2016","11","","Stage Coach","48-439-3010","AQS"
"12/02/2016","18","","Stage Coach","48-439-3010","AQS"
"12/08/2016","5","","Stage Coach","48-439-3010","AQS"
"12/14/2016","21","","Stage Coach","48-439-3010","AQS"
"12/20/2016","15","","Stage Coach","48-439-3010","AQS"
"12/26/2016","23","","Stage Coach","48-439-3010","AQS"
"01/01/2017","16","","Stage Coach","48-439-3010","AQS"
"01/07/2017","19","","Stage Coach","48-439-3010","AQS"
"01/13/2017","7","","Stage Coach","48-439-3010","AQS"
"01/19/2017","7","","Stage Coach","48-439-3010","AQS"
"01/25/2017","18","","Stage Coach","48-439-3010","AQS"
"01/31/2017","8","","Stage Coach","48-439-3010","AQS"
"02/06/2017","10","","Stage Coach","48-439-3010","AQS"
"02/12/2017","16","","Stage Coach","48-439-3010","AQS"
"02/18/2017","12","","Stage Coach","48-439-3010","AQS"
"02/24/2017","11","","Stage Coach","48-439-3010","AQS"
"03/02/2017","11","","Stage Coach","48-439-3010","AQS"
"03/08/2017","12","","Stage Coach","48-439-3010","AQS"
"03/14/2017","15","","Stage Coach","48-439-3010","AQS"
"03/20/2017","9","","Stage Coach","48-439-3010","AQS"
"03/26/2017","19","","Stage Coach","48-439-3010","AQS"
"04/01/2017","11","","Stage Coach","48-439-3010","AQS"
"04/07/2017","13","","Stage Coach","48-439-3010","AQS"
"04/13/2017","13","","Stage Coach","48-439-3010","AQS"
"04/19/2017","9","","Stage Coach","48-439-3010","AQS"
"04/25/2017","14","","Stage Coach","48-439-3010","AQS"
"05/01/2017","10","","Stage Coach","48-439-3010","AQS"
"05/07/2017","15","","Stage Coach","48-439-3010","AQS"
"05/13/2017","15","","Stage Coach","48-439-3010","AQS"
"05/19/2017","15","","Stage Coach","48-439-3010","AQS"
"05/25/2017","13","","Stage Coach","48-439-3010","AQS"
"05/31/2017","19","","Stage Coach","48-439-3010","AQS"
"06/06/2017","19","","Stage Coach","48-439-3010","AQS"
"06/12/2017","12","","Stage Coach","48-439-3010","AQS"
"06/18/2017","14","","Stage Coach","48-439-3010","AQS"
"06/24/2017","9","","Stage Coach","48-439-3010","AQS"
"06/30/2017","21","","Stage Coach","48-439-3010","AQS"
"07/06/2017","15","","Stage Coach","48-439-3010","AQS"
"07/12/2017","19","","Stage Coach","48-439-3010","AQS"
"07/18/2017","15","","Stage Coach","48-439-3010","AQS"
"07/24/2017","22","","Stage Coach","48-439-3010","AQS"
"07/30/2017","32","","Stage Coach","48-439-3010","AQS"
"08/05/2017","30","","Stage Coach","48-439-3010","AQS"
"08/11/2017","16","","Stage Coach","48-439-3010","AQS"
"08/17/2017","19","","Stage Coach","48-439-3010","AQS"
"08/23/2017","8","","Stage Coach","48-439-3010","AQS"
"08/29/2017","18","","Stage Coach","48-439-3010","AQS"
"09/04/2017","20","","Stage Coach","48-439-3010","AQS"
"09/10/2017","20","","Stage Coach","48-439-3010","AQS"
"09/16/2017","17","","Stage Coach","48-439-3010","AQS"
"09/22/2017","15","","Stage Coach","48-439-3010","AQS"
"09/28/2017","11","","Stage Coach","48-439-3010","AQS"
"10/04/2017","20","","Stage Coach","48-439-3010","AQS"
"10/10/2017","17","","Stage Coach","48-439-3010","AQS"
"10/16/2017","12","","Stage Coach","48-439-3010","AQS"
"10/22/2017","7","","Stage Coach","48-439-3010","AQS"
"10/28/2017","9","","Stage Coach","48-439-3010","AQS"
"11/03/2017","25","","Stage Coach","48-439-3010","AQS"
"11/09/2017","21","","Stage Coach","48-439-3010","AQS"
"11/15/2017","15","","Stage Coach","48-439-3010","AQS"
"11/21/2017","11","","Stage Coach","48-439-3010","AQS"
"11/27/2017","19","","Stage Coach","48-439-3010","AQS"
"12/03/2017","15","","Stage Coach","48-439-3010","AQS"
"12/09/2017","13","","Stage Coach","48-439-3010","AQS"
"12/15/2017","15","","Stage Coach","48-439-3010","AQS"
"12/21/2017","15","","Stage Coach","48-439-3010","AQS"
"12/27/2017","8","","Stage Coach","48-439-3010","AQS"
"01/02/2018","8","","Stage Coach","48-439-3010","AQS"
"01/08/2018","11","","Stage Coach","48-439-3010","AQS"
"01/14/2018","13","","Stage Coach","48-439-3010","AQS"
"01/26/2018","19","","Stage Coach","48-439-3010","AQS"
"02/01/2018","15","","Stage Coach","48-439-3010","AQS"
"02/07/2018","20","","Stage Coach","48-439-3010","AQS"
"02/13/2018","21","","Stage Coach","48-439-3010","AQS"
"02/25/2018","14","","Stage Coach","48-439-3010","AQS"
"03/03/2018","6","","Stage Coach","48-439-3010","AQS"
"03/09/2018","14","","Stage Coach","48-439-3010","AQS"
"03/15/2018","20","","Stage Coach","48-439-3010","AQS"
"03/21/2018","12","","Stage Coach","48-439-3010","AQS"
"03/27/2018","6","","Stage Coach","48-439-3010","AQS"
"04/02/2018","18","","Stage Coach","48-439-3010","AQS"
"04/08/2018","10","","Stage Coach","48-439-3010","AQS"
"04/14/2018","36","","Stage Coach","48-439-3010","AQS"
"04/20/2018","12","","Stage Coach","48-439-3010","AQS"
"04/26/2018","6","","Stage Coach","48-439-3010","AQS"
"05/02/2018","14","","Stage Coach","48-439-3010","AQS"
"05/08/2018","15","","Stage Coach","48-439-3010","AQS"
"05/14/2018","15","","Stage Coach","48-439-3010","AQS"
"05/20/2018","6","","Stage Coach","48-439-3010","AQS"
"05/26/2018","13","","Stage Coach","48-439-3010","AQS"
"06/01/2018","19","","Stage Coach","48-439-3010","AQS"
"06/07/2018","19","","Stage Coach","48-439-3010","AQS"
"06/13/2018","16","","Stage Coach","48-439-3010","AQS"
"06/19/2018","16","","Stage Coach","48-439-3010","AQS"
"06/25/2018","12","","Stage Coach","48-439-3010","AQS"
"07/01/2018","63","","Stage Coach","48-439-3010","AQS"
"07/07/2018","14","","Stage Coach","48-439-3010","AQS"
"07/13/2018","27","","Stage Coach","48-439-3010","AQS"
"07/19/2018","37","","Stage Coach","48-439-3010","AQS"
"07/25/2018","24","","Stage Coach","48-439-3010","AQS"
"07/31/2018","19","","Dallas North #2","48-113-0075","AQS"
"08/06/2018","30","","Convention Center","48-113-0050","AQS"
"08/12/2018","20","","Convention Center","48-113-0050","AQS"
"08/18/2018","44","","Convention Center","48-113-0050","AQS"
"08/24/2018","31","","Convention Center","48-113-0050","AQS"
"08/30/2018","18","","Earhart","48-113-0061","AQS"
"09/05/2018","19","","Earhart","48-113-0061","AQS"
"09/11/2018","16","","Earhart","48-113-0061","AQS"
"09/17/2018","26","","Convention Center","48-113-0050","AQS"
"09/23/2018","22","","Convention Center","48-113-0050","AQS"
"09/29/2018","24","","Convention Center","48-113-0050","AQS"
"10/05/2018","27","","Convention Center","48-113-0050","AQS"
"10/11/2018","15","","Convention Center","48-113-0050","AQS"
"10/17/2018","19","","Convention Center","48-113-0050","AQS"
"10/23/2018","21","","Earhart","48-113-0061","AQS"
"10/29/2018","29","","Convention Center","48-113-0050","AQS"
"11/04/2018","20","","Convention Center","48-113-0050","AQS"
"11/10/2018","9","","Convention Center","48-113-0050","AQS"
"11/16/2018","33","","Convention Center","48-113-0050","AQS"
"11/22/2018","17","","Convention Center","48-113-0050","AQS"
"11/28/2018","25","","Convention Center","48-113-0050","AQS"
"12/04/2018","19","","Earhart","48-113-0061","AQS"
"12/10/2018","29","","Earhart","48-113-0061","AQS"
"12/16/2018","25","","Convention Center","48-113-0050","AQS"
"12/22/2018","25","","Earhart","48-113-0061","AQS"
"12/28/2018","10","","Earhart","48-113-0061","AQS"
"01/03/2019","4","","Convention Center","48-113-0050","AQS"
"01/09/2019","19","","Earhart","48-113-0061","AQS"
"01/15/2019","28","","Convention Center","48-113-0050","AQS"
"01/21/2019","17","","Convention Center","48-113-0050","AQS"
"01/27/2019","26","","Earhart","48-113-0061","AQS"
"02/02/2019","18","","Convention Center","48-113-0050","AQS"
"02/08/2019","10","","Convention Center","48-113-0050","AQS"
"02/14/2019","35","","Earhart","48-113-0061","AQS"
"02/20/2019","19","","Earhart","48-113-0061","AQS"
"02/26/2019","23","","Earhart","48-113-0061","AQS"
"03/04/2019","8","","Earhart","48-113-0061","AQS"
"03/10/2019","15","","Convention Center","48-113-0050","AQS"
"03/16/2019","19","","Earhart","48-113-0061","AQS"
"03/22/2019","36","","Earhart","48-113-0061","AQS"
"03/28/2019","26","","Convention Center","48-113-0050","AQS"
"04/03/2019","31","","Convention Center","48-113-0050","AQS"
"04/09/2019","32","","Convention Center","48-113-0050","AQS"
"04/15/2019","15","","Convention Center","48-113-0050","AQS"
"04/21/2019","14","","Convention Center","48-113-0050","AQS"
"04/27/2019","22","","Convention Center","48-113-0050","AQS"
"05/03/2019","17","","Convention Center","48-113-0050","AQS"
"05/09/2019","12","","Convention Center","48-113-0050","AQS"
"05/15/2019","25","","Convention Center","48-113-0050","AQS"
"05/21/2019","22","","Convention Center","48-113-0050","AQS"
"05/27/2019","19","","Convention Center","48-113-0050","AQS"
"06/02/2019","13","","Earhart","48-113-0061","AQS"
"06/08/2019","19","","Earhart","48-113-0061","AQS"
"06/14/2019","21","","Earhart","48-113-0061","AQS"
"06/20/2019","28","","Convention Center","48-113-0050","AQS"
"06/26/2019","37","","Convention Center","48-113-0050","AQS"
"07/02/2019","21","","Convention Center","48-113-0050","AQS"
"07/08/2019","21","","Convention Center","48-113-0050","AQS"
"07/14/2019","8","","Earhart","48-113-0061","AQS"
"07/20/2019","24","","Convention Center","48-113-0050","AQS"
"07/26/2019","31","","Convention Center","48-113-0050","AQS"
"08/01/2019","34","","Convention Center","48-113-0050","AQS"
"08/07/2019","27","","Earhart","48-113-0061","AQS"
"08/13/2019","31","","Convention Center","48-113-0050","AQS"
"08/19/2019","23","","Convention Center","48-113-0050","AQS"
"08/25/2019","16","","Convention Center","48-113-0050","AQS"
"08/31/2019","10","","Convention Center","48-113-0050","AQS"
"09/06/2019","38","","Convention Center","48-113-0050","AQS"
"09/12/2019","23","","Convention Center","48-113-0050","AQS"
"09/18/2019","14","","Convention Center","48-113-0050","AQS"
"09/24/2019","19","","Convention Center","48-113-0050","AQS"
"09/30/2019","20","","Convention Center","48-113-0050","AQS"
"10/06/2019","20","","Convention Center","48-113-0050","AQS"
"10/12/2019","12","","Convention Center","48-113-0050","AQS"
"10/18/2019","25","","Convention Center","48-113-0050","AQS"
"10/24/2019","15","","Convention Center","48-113-0050","AQS"
"10/30/2019","10","","Earhart","48-113-0061","AQS"
"11/05/2019","16","","Convention Center","48-113-0050","AQS"
"11/11/2019","8","","Convention Center","48-113-0050","AQS"
"11/17/2019","20","","Convention Center","48-113-0050","AQS"
"11/23/2019","13","","Convention Center","48-113-0050","AQS"
"11/29/2019","6","","Convention Center","48-113-0050","AQS"
"12/05/2019","23","","Convention Center","48-113-0050","AQS"
"12/11/2019","18","","Convention Center","48-113-0050","AQS"
"12/17/2019","19","","Earhart","48-113-0061","AQS"
"12/23/2019","32","","Convention Center","48-113-0050","AQS"
"12/29/2019","8","","Convention Center","48-113-0050","AQS"
"01/04/2020","19","","Earhart","48-113-0061","AQS"
"01/10/2020","10","","Convention Center","48-113-0050","AQS"
"01/16/2020","10","","Convention Center","48-113-0050","AQS"
"01/22/2020","13","","Earhart","48-113-0061","AQS"
"01/28/2020","7","","Convention Center","48-113-0050","AQS"
"02/03/2020","13","","Convention Center","48-113-0050","AQS"
"02/09/2020","11","","Convention Center","48-113-0050","AQS"
"02/15/2020","15","","Convention Center","48-113-0050","AQS"
"02/21/2020","17","","Earhart","48-113-0061","AQS"
"02/27/2020","17","","Earhart","48-113-0061","AQS"
"03/04/2020","9","","Convention Center","48-113-0050","AQS"
"03/10/2020","15","","Convention Center","48-113-0050","AQS"
"03/16/2020","13","","Convention Center","48-113-0050","AQS"
"03/22/2020","8","","Convention Center","48-113-0050","AQS"
"03/28/2020","22","","Convention Center","48-113-0050","AQS"
"04/03/2020","6","","Convention Center","48-113-0050","AQS"
"04/09/2020","31","","Earhart","48-113-0061","AQS"
"04/15/2020","14","","Earhart","48-113-0061","AQS"
"04/21/2020","22","","Convention Center","48-113-0050","AQS"
"04/27/2020","27","","Earhart","48-113-0061","AQS"
"05/03/2020","16","","Convention Center","48-113-0050","AQS"
"05/09/2020","12","","Convention Center","48-113-0050","AQS"
"05/15/2020","17","","Convention Center","48-113-0050","AQS"
"05/21/2020","26","","Convention Center","48-113-0050","AQS"
"05/27/2020","28","","Convention Center","48-113-0050","AQS"
"06/02/2020","26","","Convention Center","48-113-0050","AQS"
"06/08/2020","22","","Earhart","48-113-0061","AQS"
"06/14/2020","23","","Convention Center","48-113-0050","AQS"
"06/20/2020","14","","Convention Center","48-113-0050","AQS"
"06/26/2020","86","","Convention Center","48-113-0050","AQS"
"07/02/2020","47","","Convention Center","48-113-0050","AQS"
"07/08/2020","36","","Convention Center","48-113-0050","AQS"
"07/14/2020","48","","Convention Center","48-113-0050","AQS"
"07/20/2020","20","","Convention Center","48-113-0050","AQS"
"07/26/2020","13","","Convention Center","48-113-0050","AQS"
"08/01/2020","18","","Earhart","48-113-0061","AQS"
"08/07/2020","24","","Convention Center","48-113-0050","AQS"
"08/13/2020","38","","Convention Center","48-113-0050","AQS"
"08/19/2020","19","","Convention Center","48-113-0050","AQS"
"08/25/2020","24","","Earhart","48-113-0061","AQS"
"08/31/2020","22","","Convention Center","48-113-0050","AQS"
"09/06/2020","23","","Earhart","48-113-0061","AQS"
"09/12/2020","18","","Earhart","48-113-0061","AQS"
"09/18/2020","29","","Earhart","48-113-0061","AQS"
"09/24/2020","11","","Convention Center","48-113-0050","AQS"
"09/30/2020","38","","Convention Center","48-113-0050","AQS"
"10/06/2020","32","","Convention Center","48-113-0050","AQS"
"10/12/2020","72","","Earhart","48-113-0061","AQS"
"10/18/2020","20","","Convention Center","48-113-0050","AQS"
"10/24/2020","10","","Convention Center","48-113-0050","AQS"
"10/30/2020","25","","Earhart","48-113-0061","AQS"
"11/05/2020","17","","Convention Center","48-113-0050","AQS"
"11/11/2020","31","","Earhart","48-113-0061","AQS"
"11/17/2020","43","","Earhart","48-113-0061","AQS"
"11/23/2020","13","","Convention Center","48-113-0050","AQS"
"11/29/2020","3","","Earhart","48-113-0061","AQS"
"12/05/2020","23","","Earhart","48-113-0061","AQS"
"12/11/2020","13","","Convention Center","48-113-0050","AQS"
"12/17/2020","21","","Convention Center","48-113-0050","AQS"
"12/23/2020","7","","Earhart","48-113-0061","AQS"
"12/29/2020","10","","Convention Center","48-113-0050","AQS"
"01/04/2021","35","","Earhart","48-113-0061","AQS"
"01/10/2021","13","","Convention Center","48-113-0050","AQS"
"01/16/2021","44","","Convention Center","48-113-0050","AQS"
"01/22/2021","13","","Convention Center","48-113-0050","AQS"
"01/28/2021","19","","Earhart","48-113-0061","AQS"
"02/03/2021","20","","Convention Center","48-113-0050","AQS"
"02/09/2021","8","","Convention Center","48-113-0050","AQS"
"02/15/2021","10","","Convention Center","48-113-0050","AQS"
"02/21/2021","25","","Convention Center","48-113-0050","AQS"
"02/27/2021","17","","Convention Center","48-113-0050","AQS"
"03/05/2021","16","","Convention Center","48-113-0050","AQS"
"03/11/2021","21","","Convention Center","48-113-0050","AQS"
"03/17/2021","51","","Convention Center","48-113-0050","AQS"
"03/23/2021","31","","Earhart","48-113-0061","AQS"
"03/29/2021","27","","Convention Center","48-113-0050","AQS"
"04/04/2021","16","","Convention Center","48-113-0050","AQS"
"04/10/2021","15","","Convention Center","48-113-0050","AQS"
"04/16/2021","8","","Convention Center","48-113-0050","AQS"
"04/22/2021","26","","Convention Center","48-113-0050","AQS"
"04/28/2021","28","","Convention Center","48-113-0050","AQS"
"05/04/2021","11","","Earhart","48-113-0061","AQS"
"05/10/2021","7","","Convention Center","48-113-0050","AQS"
"05/16/2021","8","","Convention Center","48-113-0050","AQS"
"05/22/2021","9","","Convention Center","48-113-0050","AQS"
"05/28/2021","16","","Convention Center","48-113-0050","AQS"
"06/03/2021","16","","Convention Center","48-113-0050","AQS"
"06/09/2021","19","","Convention Center","48-113-0050","AQS"
"06/15/2021","30","","Convention Center","48-113-0050","AQS"
"06/21/2021","19","","Convention Center","48-113-0050","AQS"
"06/27/2021","17","","Convention Center","48-113-0050","AQS"
"07/03/2021","15","","Earhart","48-113-0061","AQS"
"07/09/2021","10","","Convention Center","48-113-0050","AQS"
"07/15/2021","15","","Convention Center","48-113-0050","AQS"
"07/21/2021","26","","Convention Center","48-113-0050","AQS"
"07/27/2021","39","","Convention Center","48-113-0050","AQS"
"08/02/2021","19","","Earhart","48-113-0061","AQS"
"08/08/2021","17","","Convention Center","48-113-0050","AQS"
"08/14/2021","41","","Convention Center","48-113-0050","AQS"
"08/20/2021","23","","Earhart","48-113-0061","AQS"
"08/26/2021","30","","Convention Center","48-113-0050","AQS"
"09/01/2021","30","","Convention Center","48-113-0050","AQS"
"09/07/2021","31","","Convention Center","48-113-0050","AQS"
"09/13/2021","19","","Convention Center","48-113-0050","AQS"
"09/19/2021","15","","Dallas Bexar Street","48-113-1096","AQS"
"09/25/2021","31","","Convention Center","48-113-0050","AQS"
"10/01/2021","28","","Dallas Bexar Street","48-113-1096","AQS"
"10/07/2021","34","","Earhart","48-113-0061","AQS"
"10/13/2021","11","","Dallas Bexar Street","48-113-1096","AQS"
"10/19/2021","21","","Convention Center","48-113-0050","AQS"
"10/25/2021","19","","Dallas Bexar Street","48-113-1096","AQS"
"10/31/2021","23","","Convention Center","48-113-0050","AQS"
"11/06/2021","27","","Convention Center","48-113-0050","AQS"
"11/12/2021","19","","Dallas Bexar Street","48-113-1096","AQS"
"11/18/2021","15","","Convention Center","48-113-0050","AQS"
"11/24/2021","21","","Convention Center","48-113-0050","AQS"
"11/30/2021","23","","Convention Center","48-113-0050","AQS"
"12/06/2021","19","","Earhart","48-113-0061","AQS"
"12/12/2021","28","","Convention Center","48-113-0050","AQS"
"12/18/2021","16","","Dallas Bexar Street","48-113-1096","AQS"
"12/24/2021","12","","Convention Center","48-113-0050","AQS"
"12/30/2021","53","","Earhart","48-113-0061","AQS"
"01/05/2022","19","","Earhart","48-113-0061","AQS"
"01/11/2022","30","","Convention Center","48-113-0050","AQS"
"01/17/2022","35","","Earhart","48-113-0061","AQS"
"01/23/2022","24","","Earhart","48-113-0061","AQS"
"01/29/2022","25","","Convention Center","48-113-0050","AQS"
"02/04/2022","13","","Dallas Bexar Street","48-113-1096","AQS"
"02/10/2022","64","","Convention Center","48-113-0050","AQS"
"02/16/2022","13","","Convention Center","48-113-0050","AQS"
"02/22/2022","22","","Convention Center","48-113-0050","AQS"
"02/28/2022","38","","Earhart","48-113-0061","AQS"
"03/06/2022","16","","Convention Center","48-113-0050","AQS"
"03/12/2022","16","","Dallas Bexar Street","48-113-1096","AQS"
"03/18/2022","27","","Dallas Bexar Street","48-113-1096","AQS"
"03/24/2022","19","","Dallas Bexar Street","48-113-1096","AQS"
"03/30/2022","44","","Earhart","48-113-0061","AQS"
"04/05/2022","20","","Earhart","48-113-0061","AQS"
"04/11/2022","31","","Convention Center","48-113-0050","AQS"
"04/17/2022","25","","Dallas Bexar Street","48-113-1096","AQS"
"04/23/2022","23","","Convention Center","48-113-0050","AQS"
"04/29/2022","19","","Dallas Bexar Street","48-113-1096","AQS"
"05/05/2022","19","","Convention Center","48-113-0050","AQS"
"05/11/2022","24","","Convention Center","48-113-0050","AQS"
"05/17/2022","30","","Convention Center","48-113-0050","AQS"
"05/23/2022","11","","Convention Center","48-113-0050","AQS"
"05/29/2022","24","","Convention Center","48-113-0050","AQS"
"06/04/2022","18","","Convention Center","48-113-0050","AQS"
"06/10/2022","38","","Convention Center","48-113-0050","AQS"
"06/16/2022","69","","Convention Center","48-113-0050","AQS"
"06/22/2022","31","","Convention Center","48-113-0050","AQS"
"06/28/2022","21","","Dallas Bexar Street","48-113-1096","AQS"
"07/04/2022","21","","Dallas Bexar Street","48-113-1096","AQS"
"07/10/2022","13","","Dallas Bexar Street","48-113-1096","AQS"
"07/16/2022","17","","Convention Center","48-113-0050","AQS"
"07/22/2022","38","","Convention Center","48-113-0050","AQS"
"07/28/2022","23","","Convention Center","48-113-0050","AQS"
"08/03/2022","28","","Earhart","48-113-0061","AQS"
"08/05/2022","44","","Convention Center","48-113-0050","AQS"
"08/09/2022","27","","Convention Center","48-113-0050","AQS"
"08/11/2022","17","","Dallas Bexar Street","48-113-1096","AQS"
"08/15/2022","25","","Earhart","48-113-0061","AQS"
"08/21/2022","11","","Convention Center","48-113-0050","AQS"
"08/27/2022","21","","Earhart","48-113-0061","AQS"
"08/31/2022","12","","Convention Center","48-113-0050","AQS"
"09/02/2022","16","","Convention Center","48-113-0050","AQS"
"09/07/2022","25","","Convention Center","48-113-0050","AQS"
"09/08/2022","36","","Convention Center","48-113-0050","AQS"
"09/14/2022","35","","Earhart","48-113-0061","AQS"
"09/20/2022","29","","Convention Center","48-113-0050","AQS"
"09/26/2022","41","","Convention Center","48-113-0050","AQS"
"10/02/2022","38","","Convention Center","48-113-0050","AQS"
"10/08/2022","50","","Earhart","48-113-0061","AQS"
"10/14/2022","48","","Earhart","48-113-0061","AQS"
"10/20/2022","45","","Earhart","48-113-0061","AQS"
"10/26/2022","36","","Convention Center","48-113-0050","AQS"
"11/01/2022","34","","Convention Center","48-113-0050","AQS"
"11/07/2022","16","","Convention Center","48-113-0050","AQS"
"11/13/2022","15","","Earhart","48-113-0061","AQS"
"11/19/2022","26","","Earhart","48-113-0061","AQS"
"11/25/2022","8","","Earhart","48-113-0061","AQS"
"12/01/2022","25","","Earhart","48-113-0061","AQS"
"12/07/2022","39","","Dallas Bexar Street","48-113-1096","AQS"
"12/13/2022","22","","Dallas Bexar Street","48-113-1096","AQS"
"12/19/2022","15","","Convention Center","48-113-0050","AQS"
"12/25/2022","24","","Earhart","48-113-0061","AQS"
"12/31/2022","25","","Earhart","48-113-0061","AQS"
"01/06/2023","31","","Convention Center","48-113-0050","AQS"
"01/12/2023","43","","Convention Center","48-113-0050","AQS"
"01/18/2023","41","","Earhart","48-113-0061","AQS"
"01/24/2023","7","","Convention Center","48-113-0050","AQS"
"01/30/2023","6","","Convention Center","48-113-0050","AQS"
"02/05/2023","29","","Convention Center","48-113-0050","AQS"
"02/11/2023","40","","Dallas Bexar Street","48-113-1096","AQS"
"02/17/2023","31","","Earhart","48-113-0061","AQS"
"02/23/2023","23","","Earhart","48-113-0061","AQS"
"03/01/2023","38","","Convention Center","48-113-0050","AQS"
"03/07/2023","33","","Convention Center","48-113-0050","AQS"
"03/13/2023","8","","Earhart","48-113-0061","AQS"
"03/17/2023","13","","Convention Center","48-113-0050","AQS"
"03/19/2023","13","","Convention Center","48-113-0050","AQS"
"03/25/2023","55","","Convention Center","48-113-0050","AQS"
"03/31/2023","60","","Dallas Bexar Street","48-113-1096","AQS"
"04/06/2023","14","","Convention Center","48-113-0050","AQS"
"04/12/2023","25","","Earhart","48-113-0061","AQS"
"04/18/2023","53","","Earhart","48-113-0061","AQS"
"04/22/2023","23","","Convention Center","48-113-0050","AQS"
"04/24/2023","14","","Convention Center","48-113-0050","AQS"
"04/30/2023","18","","Convention Center","48-113-0050","AQS"
"05/06/2023","20","","Convention Center","48-113-0050","AQS"
"05/12/2023","30","","Earhart","48-113-0061","AQS"
"05/18/2023","23","","Dallas Bexar Street","48-113-1096","AQS"
"05/24/2023","28","","Convention Center","48-113-0050","AQS"
"05/30/2023","26","","Convention Center","48-113-0050","AQS"
"06/05/2023","19","","Earhart","48-113-0061","AQS"
"06/11/2023","16","","Earhart","48-113-0061","AQS"
"06/17/2023","30","","Convention Center","48-113-0050","AQS"
"06/21/2023","34","","Dallas Bexar Street","48-113-1096","AQS"
"06/23/2023","28","","Convention Center","48-113-0050","AQS"
"06/28/2023","35","","Dallas Hinton","48-113-0069","AirNow"
"06/29/2023","28","","Convention Center","48-113-0050","AQS"
"06/30/2023","24","","Dallas Hinton","48-113-0069","AirNow"
"07/01/2023","19","","Dallas Hinton","48-113-0069","AirNow"
"07/02/2023","16","","Dallas Hinton","48-113-0069","AirNow"
"07/03/2023","20","","Dallas Hinton","48-113-0069","AirNow"
"07/04/2023","20","","Dallas Hinton","48-113-0069","AirNow"
"07/05/2023","24","","Dallas Hinton","48-113-0069","AirNow"
"07/06/2023","23","","Dallas Hinton","48-113-0069","AirNow"
"07/07/2023","22","","Dallas Hinton","48-113-0069","AirNow"
"07/08/2023","21","","Dallas Hinton","48-113-0069","AirNow"
"07/09/2023","8","","Dallas Hinton","48-113-0069","AirNow"
"07/10/2023","26","","Dallas Hinton","48-113-0069","AirNow"
"07/11/2023","25","","Dallas Hinton","48-113-0069","AirNow"
"07/12/2023","11","","Dallas Hinton","48-113-0069","AirNow"
"07/13/2023","24","","Dallas Hinton","48-113-0069","AirNow"
"07/14/2023","56","","Dallas Hinton","48-113-0069","AirNow"
"07/15/2023","44","","Dallas Hinton","48-113-0069","AirNow"
"07/16/2023","24","","Dallas Hinton","48-113-0069","AirNow"
"07/17/2023","54","","Dallas Hinton","48-113-0069","AirNow"
"07/18/2023","53","","Dallas Hinton","48-113-0069","AirNow"
"07/19/2023","58","","Dallas Hinton","48-113-0069","AirNow"
"07/20/2023","55","","Dallas Hinton","48-113-0069","AirNow"
"07/23/2023","21","","Dallas Hinton","48-113-0069","AirNow"
"07/24/2023","35","","Dallas Hinton","48-113-0069","AirNow"
"07/25/2023","43","","Dallas Hinton","48-113-0069","AirNow"
"07/26/2023","53","","Dallas Hinton","48-113-0069","AirNow"
"07/27/2023","59","","Dallas Hinton","48-113-0069","AirNow"
"07/28/2023","55","","Dallas Hinton","48-113-0069","AirNow"
"07/29/2023","54","","Dallas Hinton","48-113-0069","AirNow"
"07/30/2023","47","","Dallas Hinton","48-113-0069","AirNow"
"07/31/2023","49","","Dallas Hinton","48-113-0069","AirNow"
"08/01/2023","44","","Dallas Hinton","48-113-0069","AirNow"
"08/02/2023","38","","Dallas Hinton","48-113-0069","AirNow"
"08/03/2023","31","","Dallas Hinton","48-113-0069","AirNow"
"08/04/2023","30","","Dallas Hinton","48-113-0069","AirNow"
"08/05/2023","34","","Dallas Hinton","48-113-0069","AirNow"
"08/06/2023","25","","Dallas Hinton","48-113-0069","AirNow"
"08/07/2023","36","","Dallas Hinton","48-113-0069","AirNow"
"08/08/2023","44","","Dallas Hinton","48-113-0069","AirNow"
"08/09/2023","49","","Dallas Hinton","48-113-0069","AirNow"
"08/10/2023","40","","Dallas Hinton","48-113-0069","AirNow"
"08/11/2023","42","","Dallas Hinton","48-113-0069","AirNow"
"08/12/2023","32","","Dallas Hinton","48-113-0069","AirNow"
"08/13/2023","26","","Dallas Hinton","48-113-0069","AirNow"
"08/14/2023","43","","Dallas Hinton","48-113-0069","AirNow"
"08/15/2023","22","","Dallas Hinton","48-113-0069","AirNow"
"08/16/2023","20","","Dallas Hinton","48-113-0069","AirNow"
"08/17/2023","46","","Dallas Hinton","48-113-0069","AirNow"
"08/18/2023","46","","Dallas Hinton","48-113-0069","AirNow"
"08/19/2023","36","","Dallas Hinton","48-113-0069","AirNow"
"08/20/2023","36","","Dallas Hinton","48-113-0069","AirNow"
"08/21/2023","44","","Dallas Hinton","48-113-0069","AirNow"
"08/22/2023","47","","Dallas Hinton","48-113-0069","AirNow"
"08/23/2023","51","","Dallas Hinton","48-113-0069","AirNow"
"08/24/2023","51","","Dallas Hinton","48-113-0069","AirNow"
"08/25/2023","53","","Dallas Hinton","48-113-0069","AirNow"
"08/26/2023","50","","Dallas Hinton","48-113-0069","AirNow"
"08/27/2023","33","","Dallas Hinton","48-113-0069","AirNow"
"08/28/2023","22","","Dallas Hinton","48-113-0069","AirNow"
"08/29/2023","28","","Dallas Hinton","48-113-0069","AirNow"
"08/30/2023","39","","Dallas Hinton","48-113-0069","AirNow"
"08/31/2023","52","","Dallas Hinton","48-113-0069","AirNow"
"09/01/2023","35","","Dallas Hinton","48-113-0069","AirNow"
"09/02/2023","29","","Dallas Hinton","48-113-0069","AirNow"
"09/03/2023","33","","Dallas Hinton","48-113-0069","AirNow"
"09/04/2023","19","","Dallas Hinton","48-113-0069","AirNow"
"09/05/2023","23","","Dallas Hinton","48-113-0069","AirNow"
"09/06/2023","27","","Dallas Hinton","48-113-0069","AirNow"
"09/07/2023","31","","Dallas Hinton","48-113-0069","AirNow"
"09/08/2023","36","","Dallas Hinton","48-113-0069","AirNow"
"09/09/2023","19","","Dallas Hinton","48-113-0069","AirNow"
"09/10/2023","23","","Dallas Hinton","48-113-0069","AirNow"
"09/11/2023","29","","Dallas Hinton","48-113-0069","AirNow"
"09/12/2023","27","","Dallas Hinton","48-113-0069","AirNow"
"09/13/2023","19","","Dallas Hinton","48-113-0069","AirNow"
"09/14/2023","15","","Dallas Hinton","48-113-0069","AirNow"
"09/15/2023","22","","Dallas Hinton","48-113-0069","AirNow"
"09/16/2023","24","","Dallas Hinton","48-113-0069","AirNow"
"09/17/2023","23","","Dallas Hinton","48-113-0069","AirNow"
"09/18/2023","33","","Dallas Hinton","48-113-0069","AirNow"
"09/19/2023","32","","Dallas Hinton","48-113-0069","AirNow"
"09/20/2023","23","","Dallas Hinton","48-113-0069","AirNow"
"09/21/2023","19","","Dallas Hinton","48-113-0069","AirNow"
"09/22/2023","20","","Dallas Hinton","48-113-0069","AirNow"
"09/23/2023","19","","Dallas Hinton","48-113-0069","AirNow"
"09/24/2023","14","","Dallas Hinton","48-113-0069","AirNow"
"09/25/2023","13","","Dallas Hinton","48-113-0069","AirNow"
"09/26/2023","20","","Dallas Hinton","48-113-0069","AirNow"
"09/27/2023","30","","Dallas Hinton","48-113-0069","AirNow"
"09/28/2023","34","","Dallas Hinton","48-113-0069","AirNow"
"09/29/2023","31","","Dallas Hinton","48-113-0069","AirNow"
"09/30/2023","20","","Dallas Hinton","48-113-0069","AirNow"
"10/01/2023","24","","Dallas Hinton","48-113-0069","AirNow"
"10/02/2023","34","","Dallas Hinton","48-113-0069","AirNow"
"10/03/2023","30","","Dallas Hinton","48-113-0069","AirNow"
"10/04/2023","18","","Dallas Hinton","48-113-0069","AirNow"
"10/05/2023","10","","Dallas Hinton","48-113-0069","AirNow"
"10/06/2023","17","","Dallas Hinton","48-113-0069","AirNow"
"10/07/2023","16","","Dallas Hinton","48-113-0069","AirNow"
"10/08/2023","21","","Dallas Hinton","48-113-0069","AirNow"
"10/09/2023","19","","Dallas Hinton","48-113-0069","AirNow"
"10/10/2023","20","","Dallas Hinton","48-113-0069","AirNow"
"10/11/2023","15","","Dallas Hinton","48-113-0069","AirNow"
"10/12/2023","20","","Dallas Hinton","48-113-0069","AirNow"
"10/13/2023","28","","Dallas Hinton","48-113-0069","AirNow"
"10/14/2023","24","","Dallas Hinton","48-113-0069","AirNow"
"10/15/2023","11","","Dallas Hinton","48-113-0069","AirNow"
"10/16/2023","19","","Dallas Hinton","48-113-0069","AirNow"
"10/17/2023","36","","Dallas Hinton","48-113-0069","AirNow"
"10/18/2023","36","","Dallas Hinton","48-113-0069","AirNow"
"10/19/2023","44","","Dallas Hinton","48-113-0069","AirNow"
"10/20/2023","49","","Dallas Hinton","48-113-0069","AirNow"
"10/21/2023","38","","Dallas Hinton","48-113-0069","AirNow"
"10/22/2023","31","","Dallas Hinton","48-113-0069","AirNow"
"10/23/2023","21","","Dallas Hinton","48-113-0069","AirNow"
"10/24/2023","20","","Dallas Hinton","48-113-0069","AirNow"
"10/25/2023","20","","Dallas Hinton","48-113-0069","AirNow"
"10/26/2023","12","","Dallas Hinton","48-113-0069","AirNow"
"10/27/2023","21","","Dallas Hinton","48-113-0069","AirNow"
"10/28/2023","11","","Dallas Hinton","48-113-0069","AirNow"
"10/29/2023","3","","Dallas Hinton","48-113-0069","AirNow"
